<?xml version="1.0" encoding="UTF-8"?>
<document id="DDI-DrugBank.d64">
    <sentence id="DDI-DrugBank.d64.s0" text="Addition or deletion of any drug from the therapeutic regimen of patients receiving oral anticoagulants may affect patient response to the anticoagulant.">
        <entity id="DDI-DrugBank.d64.s0.e0" charOffset="89-102"
            type="group" text="anticoagulants"/>
        <entity id="DDI-DrugBank.d64.s0.e1" charOffset="139-151"
            type="group" text="anticoagulant"/>
        <pair id="DDI-DrugBank.d64.s0.p0" e1="DDI-DrugBank.d64.s0.e0"
            e2="DDI-DrugBank.d64.s0.e1" ddi="false"/>
    </sentence>
    <sentence id="DDI-DrugBank.d64.s1" text="Frequent determination of prothrombin time and close monitoring of the patient is essential to ascertain when adjustment of dosage of anticoagulant may be needed.">
        <entity id="DDI-DrugBank.d64.s1.e0" charOffset="134-146"
            type="group" text="anticoagulant"/>
    </sentence>
    <sentence id="DDI-DrugBank.d64.s2" text="Because of the variability of individual patient response, multiple interacting mechanisms with some drugs, the dependency of the extent of the interaction on the dosage and duration of therapy, and the possible administration of several interacting drugs simultaneously, it is difficult to predict the direction and degree of the ultimate effect of concomitant medications on anticoagulant response.">
        <entity id="DDI-DrugBank.d64.s2.e0" charOffset="377-389"
            type="group" text="anticoagulant"/>
    </sentence>
    <sentence id="DDI-DrugBank.d64.s3" text="For example, since cholestyramine may reduce the gastrointestinal absorption of both the oral anticoagulants and vitamin K, the net effects are unpredictable.">
        <entity id="DDI-DrugBank.d64.s3.e0" charOffset="19-32"
            type="drug" text="cholestyramine"/>
        <entity id="DDI-DrugBank.d64.s3.e1" charOffset="94-107"
            type="group" text="anticoagulants"/>
        <entity id="DDI-DrugBank.d64.s3.e2" charOffset="113-121"
            type="group" text="vitamin K"/>
        <pair id="DDI-DrugBank.d64.s3.p0" e1="DDI-DrugBank.d64.s3.e0"
            e2="DDI-DrugBank.d64.s3.e1" ddi="true" type="mechanism"/>
        <pair id="DDI-DrugBank.d64.s3.p1" e1="DDI-DrugBank.d64.s3.e0"
            e2="DDI-DrugBank.d64.s3.e2" ddi="true" type="mechanism"/>
        <pair id="DDI-DrugBank.d64.s3.p2" e1="DDI-DrugBank.d64.s3.e1"
            e2="DDI-DrugBank.d64.s3.e2" ddi="false"/>
    </sentence>
    <sentence id="DDI-DrugBank.d64.s4" text="Chloral hydrate may cause an increased prothrombin response by displacing the anticoagulant from protein binding sites or a diminished prothrombin response through increased metabolism of the unbound drug by hepatic enzyme induction, thus leading to inter-patient variation in ultimate prothrombin effect.">
        <entity id="DDI-DrugBank.d64.s4.e0" charOffset="0-14"
            type="drug" text="Chloral hydrate"/>
        <entity id="DDI-DrugBank.d64.s4.e1" charOffset="78-90"
            type="group" text="anticoagulant"/>
        <pair id="DDI-DrugBank.d64.s4.p0" e1="DDI-DrugBank.d64.s4.e0"
            e2="DDI-DrugBank.d64.s4.e1" ddi="true" type="mechanism"/>
    </sentence>
    <sentence id="DDI-DrugBank.d64.s5" text="An interacting drug which leads to a decrease in prothrombin time necessitating an increased dose of oral anticoagulant to maintain an adequate degree of anticoagulation may, if abruptly discontinued, increase the risk of subsequent bleeding.">
        <entity id="DDI-DrugBank.d64.s5.e0" charOffset="106-118"
            type="group" text="anticoagulant"/>
    </sentence>
    <sentence id="DDI-DrugBank.d64.s6" text="Drugs that have been reported to diminish oral anticoagulant response, ie, decreased prothrom-bin time response, in man significantly include: adrenocortical steroids;">
        <entity id="DDI-DrugBank.d64.s6.e0" charOffset="47-59"
            type="group" text="anticoagulant"/>
        <entity id="DDI-DrugBank.d64.s6.e1" charOffset="143-165"
            type="group" text="adrenocortical steroids"/>
        <pair id="DDI-DrugBank.d64.s6.p0" e1="DDI-DrugBank.d64.s6.e0"
            e2="DDI-DrugBank.d64.s6.e1" ddi="true" type="effect"/>
    </sentence>
    <sentence id="DDI-DrugBank.d64.s7" text="alcohol*;">
        <entity id="DDI-DrugBank.d64.s7.e0" charOffset="0-6" type="drug" text="alcohol"/>
    </sentence>
    <sentence id="DDI-DrugBank.d64.s8" text="antacids;">
        <entity id="DDI-DrugBank.d64.s8.e0" charOffset="0-7"
            type="group" text="antacids"/>
    </sentence>
    <sentence id="DDI-DrugBank.d64.s9" text="antihistamines;">
        <entity id="DDI-DrugBank.d64.s9.e0" charOffset="0-13"
            type="group" text="antihistamines"/>
    </sentence>
    <sentence id="DDI-DrugBank.d64.s10" text="barbiturates;">
        <entity id="DDI-DrugBank.d64.s10.e0" charOffset="0-11"
            type="group" text="barbiturates"/>
    </sentence>
    <sentence id="DDI-DrugBank.d64.s11" text="carbamazepine;">
        <entity id="DDI-DrugBank.d64.s11.e0" charOffset="0-12"
            type="drug" text="carbamazepine"/>
    </sentence>
    <sentence id="DDI-DrugBank.d64.s12" text="chloral hydrate*;">
        <entity id="DDI-DrugBank.d64.s12.e0" charOffset="0-14"
            type="drug" text="chloral hydrate"/>
    </sentence>
    <sentence id="DDI-DrugBank.d64.s13" text="chlordiazepoxide;">
        <entity id="DDI-DrugBank.d64.s13.e0" charOffset="0-15"
            type="drug" text="chlordiazepoxide"/>
    </sentence>
    <sentence id="DDI-DrugBank.d64.s14" text="cholestyramine;">
        <entity id="DDI-DrugBank.d64.s14.e0" charOffset="0-13"
            type="drug" text="cholestyramine"/>
    </sentence>
    <sentence id="DDI-DrugBank.d64.s15" text="diet high in vitamin K;">
        <entity id="DDI-DrugBank.d64.s15.e0" charOffset="13-21"
            type="group" text="vitamin K"/>
    </sentence>
    <sentence id="DDI-DrugBank.d64.s16" text="diuretics*;">
        <entity id="DDI-DrugBank.d64.s16.e0" charOffset="0-8"
            type="group" text="diuretics"/>
    </sentence>
    <sentence id="DDI-DrugBank.d64.s17" text="ethchlorvynol;">
        <entity id="DDI-DrugBank.d64.s17.e0" charOffset="0-12"
            type="drug" text="ethchlorvynol"/>
    </sentence>
    <sentence id="DDI-DrugBank.d64.s18" text="glutethimide;">
        <entity id="DDI-DrugBank.d64.s18.e0" charOffset="0-11"
            type="drug" text="glutethimide"/>
    </sentence>
    <sentence id="DDI-DrugBank.d64.s19" text="griseofulvin;">
        <entity id="DDI-DrugBank.d64.s19.e0" charOffset="0-11"
            type="drug" text="griseofulvin"/>
    </sentence>
    <sentence id="DDI-DrugBank.d64.s20" text="haloperidol;">
        <entity id="DDI-DrugBank.d64.s20.e0" charOffset="0-10"
            type="drug" text="haloperidol"/>
    </sentence>
    <sentence id="DDI-DrugBank.d64.s21" text="meprobamate;">
        <entity id="DDI-DrugBank.d64.s21.e0" charOffset="0-10"
            type="drug" text="meprobamate"/>
    </sentence>
    <sentence id="DDI-DrugBank.d64.s22" text="oral contraceptives;">
        <entity id="DDI-DrugBank.d64.s22.e0" charOffset="5-18"
            type="group" text="contraceptives"/>
    </sentence>
    <sentence id="DDI-DrugBank.d64.s23" text="paraldehyde;">
        <entity id="DDI-DrugBank.d64.s23.e0" charOffset="0-10"
            type="drug" text="paraldehyde"/>
    </sentence>
    <sentence id="DDI-DrugBank.d64.s24" text="primidone;">
        <entity id="DDI-DrugBank.d64.s24.e0" charOffset="0-8"
            type="drug" text="primidone"/>
    </sentence>
    <sentence id="DDI-DrugBank.d64.s25" text="ranitidine*;">
        <entity id="DDI-DrugBank.d64.s25.e0" charOffset="0-9"
            type="drug" text="ranitidine"/>
    </sentence>
    <sentence id="DDI-DrugBank.d64.s26" text="rifampin;">
        <entity id="DDI-DrugBank.d64.s26.e0" charOffset="0-7"
            type="drug" text="rifampin"/>
    </sentence>
    <sentence id="DDI-DrugBank.d64.s27" text="unreliable prothrombin time determinations;"/>
    <sentence id="DDI-DrugBank.d64.s28" text="vitamin C;">
        <entity id="DDI-DrugBank.d64.s28.e0" charOffset="0-8"
            type="drug" text="vitamin C"/>
    </sentence>
    <sentence id="DDI-DrugBank.d64.s30" text="Drugs that reportedly may increase oral anticoagulant response, ie, increased prothrombin response, in man include:alcohol*;">
        <entity id="DDI-DrugBank.d64.s30.e0" charOffset="40-52"
            type="group" text="anticoagulant"/>
        <entity id="DDI-DrugBank.d64.s30.e1" charOffset="115-121"
            type="drug" text="alcohol"/>
        <pair id="DDI-DrugBank.d64.s30.p0" e1="DDI-DrugBank.d64.s30.e0"
            e2="DDI-DrugBank.d64.s30.e1" ddi="true" type="effect"/>
    </sentence>
    <sentence id="DDI-DrugBank.d64.s31" text="allopurinol;">
        <entity id="DDI-DrugBank.d64.s31.e0" charOffset="0-10"
            type="drug" text="allopurinol"/>
    </sentence>
    <sentence id="DDI-DrugBank.d64.s32" text="aminosalicylic acid;">
        <entity id="DDI-DrugBank.d64.s32.e0" charOffset="0-18"
            type="drug" text="aminosalicylic acid"/>
    </sentence>
    <sentence id="DDI-DrugBank.d64.s33" text="amiodarone;">
        <entity id="DDI-DrugBank.d64.s33.e0" charOffset="0-9"
            type="drug" text="amiodarone"/>
    </sentence>
    <sentence id="DDI-DrugBank.d64.s34" text="anabolic steroids;">
        <entity id="DDI-DrugBank.d64.s34.e0" charOffset="0-16"
            type="group" text="anabolic steroids"/>
    </sentence>
    <sentence id="DDI-DrugBank.d64.s35" text="antibiotics;">
        <entity id="DDI-DrugBank.d64.s35.e0" charOffset="0-10"
            type="group" text="antibiotics"/>
    </sentence>
    <sentence id="DDI-DrugBank.d64.s36" text="bromelains;">
        <entity id="DDI-DrugBank.d64.s36.e0" charOffset="0-9"
            type="drug" text="bromelains"/>
    </sentence>
    <sentence id="DDI-DrugBank.d64.s37" text="chloral hydrate*;">
        <entity id="DDI-DrugBank.d64.s37.e0" charOffset="0-14"
            type="drug" text="chloral hydrate"/>
    </sentence>
    <sentence id="DDI-DrugBank.d64.s38" text="chlorpropamide;">
        <entity id="DDI-DrugBank.d64.s38.e0" charOffset="0-13"
            type="drug" text="chlorpropamide"/>
    </sentence>
    <sentence id="DDI-DrugBank.d64.s39" text="chymotrypsin;">
        <entity id="DDI-DrugBank.d64.s39.e0" charOffset="0-11"
            type="drug" text="chymotrypsin"/>
    </sentence>
    <sentence id="DDI-DrugBank.d64.s40" text="cimetidine;">
        <entity id="DDI-DrugBank.d64.s40.e0" charOffset="0-9"
            type="drug" text="cimetidine"/>
    </sentence>
    <sentence id="DDI-DrugBank.d64.s41" text="cinchophen;">
        <entity id="DDI-DrugBank.d64.s41.e0" charOffset="0-9"
            type="drug" text="cinchophen"/>
    </sentence>
    <sentence id="DDI-DrugBank.d64.s42" text="clofibrate;">
        <entity id="DDI-DrugBank.d64.s42.e0" charOffset="0-9"
            type="drug" text="clofibrate"/>
    </sentence>
    <sentence id="DDI-DrugBank.d64.s43" text="dextran;">
        <entity id="DDI-DrugBank.d64.s43.e0" charOffset="0-6"
            type="drug" text="dextran"/>
    </sentence>
    <sentence id="DDI-DrugBank.d64.s44" text="dextrothyroxine;">
        <entity id="DDI-DrugBank.d64.s44.e0" charOffset="0-14"
            type="drug" text="dextrothyroxine"/>
    </sentence>
    <sentence id="DDI-DrugBank.d64.s45" text="diazoxide;">
        <entity id="DDI-DrugBank.d64.s45.e0" charOffset="0-8"
            type="drug" text="diazoxide"/>
    </sentence>
    <sentence id="DDI-DrugBank.d64.s46" text="dietary deficiencies;"/>
    <sentence id="DDI-DrugBank.d64.s47" text="diflunisal;">
        <entity id="DDI-DrugBank.d64.s47.e0" charOffset="0-9"
            type="drug" text="diflunisal"/>
    </sentence>
    <sentence id="DDI-DrugBank.d64.s48" text="diuretics*;">
        <entity id="DDI-DrugBank.d64.s48.e0" charOffset="0-8"
            type="group" text="diuretics"/>
    </sentence>
    <sentence id="DDI-DrugBank.d64.s49" text="disulfiram;">
        <entity id="DDI-DrugBank.d64.s49.e0" charOffset="0-9"
            type="drug" text="disulfiram"/>
    </sentence>
    <sentence id="DDI-DrugBank.d64.s50" text="drugs affecting blood elements;"/>
    <sentence id="DDI-DrugBank.d64.s51" text="ethacrynic acid;">
        <entity id="DDI-DrugBank.d64.s51.e0" charOffset="0-14"
            type="drug" text="ethacrynic acid"/>
    </sentence>
    <sentence id="DDI-DrugBank.d64.s52" text="fenoprofen;">
        <entity id="DDI-DrugBank.d64.s52.e0" charOffset="0-9"
            type="drug" text="fenoprofen"/>
    </sentence>
    <sentence id="DDI-DrugBank.d64.s53" text="glucagon;">
        <entity id="DDI-DrugBank.d64.s53.e0" charOffset="0-7"
            type="drug" text="glucagon"/>
    </sentence>
    <sentence id="DDI-DrugBank.d64.s54" text="hepatotoxic drugs;"/>
    <sentence id="DDI-DrugBank.d64.s55" text="ibuprofen;">
        <entity id="DDI-DrugBank.d64.s55.e0" charOffset="0-8"
            type="drug" text="ibuprofen"/>
    </sentence>
    <sentence id="DDI-DrugBank.d64.s56" text="indomethacin;">
        <entity id="DDI-DrugBank.d64.s56.e0" charOffset="0-11"
            type="drug" text="indomethacin"/>
    </sentence>
    <sentence id="DDI-DrugBank.d64.s57" text="influenza virus vaccine;">
        <entity id="DDI-DrugBank.d64.s57.e0" charOffset="0-22"
            type="group" text="influenza virus vaccine"/>
    </sentence>
    <sentence id="DDI-DrugBank.d64.s58" text="inhalation anesthetics;">
        <entity id="DDI-DrugBank.d64.s58.e0" charOffset="11-21"
            type="group" text="anesthetics"/>
    </sentence>
    <sentence id="DDI-DrugBank.d64.s59" text="mefenamic acid;">
        <entity id="DDI-DrugBank.d64.s59.e0" charOffset="0-13"
            type="drug" text="mefenamic acid"/>
    </sentence>
    <sentence id="DDI-DrugBank.d64.s60" text="methyldopa;">
        <entity id="DDI-DrugBank.d64.s60.e0" charOffset="0-9"
            type="drug" text="methyldopa"/>
    </sentence>
    <sentence id="DDI-DrugBank.d64.s61" text="methylphenidate;">
        <entity id="DDI-DrugBank.d64.s61.e0" charOffset="0-14"
            type="drug" text="methylphenidate"/>
    </sentence>
    <sentence id="DDI-DrugBank.d64.s62" text="metronidazole;">
        <entity id="DDI-DrugBank.d64.s62.e0" charOffset="0-12"
            type="drug" text="metronidazole"/>
    </sentence>
    <sentence id="DDI-DrugBank.d64.s63" text="miconazole;">
        <entity id="DDI-DrugBank.d64.s63.e0" charOffset="0-9"
            type="drug" text="miconazole"/>
    </sentence>
    <sentence id="DDI-DrugBank.d64.s64" text="monoamine oxidase inhibitors;">
        <entity id="DDI-DrugBank.d64.s64.e0" charOffset="0-27"
            type="group" text="monoamine oxidase inhibitors"/>
    </sentence>
    <sentence id="DDI-DrugBank.d64.s65" text="nalidixic acid;">
        <entity id="DDI-DrugBank.d64.s65.e0" charOffset="0-13"
            type="drug" text="nalidixic acid"/>
    </sentence>
    <sentence id="DDI-DrugBank.d64.s66" text="naproxen;">
        <entity id="DDI-DrugBank.d64.s66.e0" charOffset="0-7"
            type="drug" text="naproxen"/>
    </sentence>
    <sentence id="DDI-DrugBank.d64.s67" text="oxolinic acid;">
        <entity id="DDI-DrugBank.d64.s67.e0" charOffset="0-12"
            type="drug" text="oxolinic acid"/>
    </sentence>
    <sentence id="DDI-DrugBank.d64.s68" text="oxyphenbutazone;">
        <entity id="DDI-DrugBank.d64.s68.e0" charOffset="0-14"
            type="drug" text="oxyphenbutazone"/>
    </sentence>
    <sentence id="DDI-DrugBank.d64.s69" text="pentoxifylline;">
        <entity id="DDI-DrugBank.d64.s69.e0" charOffset="0-13"
            type="drug" text="pentoxifylline"/>
    </sentence>
    <sentence id="DDI-DrugBank.d64.s70" text="phenylbutazone;">
        <entity id="DDI-DrugBank.d64.s70.e0" charOffset="0-13"
            type="drug" text="phenylbutazone"/>
    </sentence>
    <sentence id="DDI-DrugBank.d64.s71" text="phenyramidol;">
        <entity id="DDI-DrugBank.d64.s71.e0" charOffset="0-11"
            type="drug_n" text="phenyramidol"/>
    </sentence>
    <sentence id="DDI-DrugBank.d64.s72" text="phenytoin;">
        <entity id="DDI-DrugBank.d64.s72.e0" charOffset="0-8"
            type="drug" text="phenytoin"/>
    </sentence>
    <sentence id="DDI-DrugBank.d64.s73" text="prolonged hot weather;"/>
    <sentence id="DDI-DrugBank.d64.s74" text="prolonged narcotics;">
        <entity id="DDI-DrugBank.d64.s74.e0" charOffset="0-18"
            type="group" text="prolonged narcotics"/>
    </sentence>
    <sentence id="DDI-DrugBank.d64.s75" text="pyrazolones;">
        <entity id="DDI-DrugBank.d64.s75.e0" charOffset="0-10"
            type="group" text="pyrazolones"/>
    </sentence>
    <sentence id="DDI-DrugBank.d64.s76" text="quinidine;">
        <entity id="DDI-DrugBank.d64.s76.e0" charOffset="0-8"
            type="drug" text="quinidine"/>
    </sentence>
    <sentence id="DDI-DrugBank.d64.s77" text="quinine;">
        <entity id="DDI-DrugBank.d64.s77.e0" charOffset="0-6"
            type="drug" text="quinine"/>
    </sentence>
    <sentence id="DDI-DrugBank.d64.s78" text="ranitidine*;">
        <entity id="DDI-DrugBank.d64.s78.e0" charOffset="0-9"
            type="drug" text="ranitidine"/>
    </sentence>
    <sentence id="DDI-DrugBank.d64.s79" text="salicylates;sulfinpyrazone;">
        <entity id="DDI-DrugBank.d64.s79.e0" charOffset="0-10"
            type="group" text="salicylates"/>
        <entity id="DDI-DrugBank.d64.s79.e1" charOffset="12-25"
            type="drug" text="sulfinpyrazone"/>
        <pair id="DDI-DrugBank.d64.s79.p0" e1="DDI-DrugBank.d64.s79.e0"
            e2="DDI-DrugBank.d64.s79.e1" ddi="false"/>
    </sentence>
    <sentence id="DDI-DrugBank.d64.s80" text="sulfonamides, long acting;">
        <entity id="DDI-DrugBank.d64.s80.e0" charOffset="0-11"
            type="group" text="sulfonamides"/>
    </sentence>
    <sentence id="DDI-DrugBank.d64.s81" text="sulindac;">
        <entity id="DDI-DrugBank.d64.s81.e0" charOffset="0-7"
            type="drug" text="sulindac"/>
    </sentence>
    <sentence id="DDI-DrugBank.d64.s82" text="thyroid drugs;">
        <entity id="DDI-DrugBank.d64.s82.e0" charOffset="0-12"
            type="group" text="thyroid drugs"/>
    </sentence>
    <sentence id="DDI-DrugBank.d64.s83" text="tolbutamide;">
        <entity id="DDI-DrugBank.d64.s83.e0" charOffset="0-10"
            type="drug" text="tolbutamide"/>
    </sentence>
    <sentence id="DDI-DrugBank.d64.s84" text="triclofos sodium;">
        <entity id="DDI-DrugBank.d64.s84.e0" charOffset="0-15"
            type="drug" text="triclofos sodium"/>
    </sentence>
    <sentence id="DDI-DrugBank.d64.s85" text="trimethoprim/sulfamethoxazole;">
        <entity id="DDI-DrugBank.d64.s85.e0" charOffset="0-11"
            type="drug" text="trimethoprim"/>
        <entity id="DDI-DrugBank.d64.s85.e1" charOffset="13-28"
            type="drug" text="sulfamethoxazole"/>
        <pair id="DDI-DrugBank.d64.s85.p0" e1="DDI-DrugBank.d64.s85.e0"
            e2="DDI-DrugBank.d64.s85.e1" ddi="false"/>
    </sentence>
    <sentence id="DDI-DrugBank.d64.s86" text="unreliable prothrombin time determinations;"/>
    <sentence id="DDI-DrugBank.d64.s88" text="Oral anticoagulants may potentiate the hypoglycemic action of hypoglycemic agents, eg, tolbutamide and chlorpropamide, by inhibiting their metabolism in the liver.">
        <entity id="DDI-DrugBank.d64.s88.e0" charOffset="5-18"
            type="group" text="anticoagulants"/>
        <entity id="DDI-DrugBank.d64.s88.e1" charOffset="62-80"
            type="group" text="hypoglycemic agents"/>
        <entity id="DDI-DrugBank.d64.s88.e2" charOffset="87-97"
            type="drug" text="tolbutamide"/>
        <entity id="DDI-DrugBank.d64.s88.e3" charOffset="103-116"
            type="drug" text="chlorpropamide"/>
        <pair id="DDI-DrugBank.d64.s88.p0" e1="DDI-DrugBank.d64.s88.e0"
            e2="DDI-DrugBank.d64.s88.e1" ddi="true" type="mechanism"/>
        <pair id="DDI-DrugBank.d64.s88.p1" e1="DDI-DrugBank.d64.s88.e0"
            e2="DDI-DrugBank.d64.s88.e2" ddi="true" type="mechanism"/>
        <pair id="DDI-DrugBank.d64.s88.p2" e1="DDI-DrugBank.d64.s88.e0"
            e2="DDI-DrugBank.d64.s88.e3" ddi="true" type="mechanism"/>
        <pair id="DDI-DrugBank.d64.s88.p3" e1="DDI-DrugBank.d64.s88.e1"
            e2="DDI-DrugBank.d64.s88.e2" ddi="false"/>
        <pair id="DDI-DrugBank.d64.s88.p4" e1="DDI-DrugBank.d64.s88.e1"
            e2="DDI-DrugBank.d64.s88.e3" ddi="false"/>
        <pair id="DDI-DrugBank.d64.s88.p5" e1="DDI-DrugBank.d64.s88.e2"
            e2="DDI-DrugBank.d64.s88.e3" ddi="false"/>
    </sentence>
    <sentence id="DDI-DrugBank.d64.s89" text="Because oral anticoagulants may interfere with the hepatic metabolism of phenytoin, toxic levels of the anticonvulsant may occur when an oral anticoagulant and phenytoin are administered concurrently.">
        <entity id="DDI-DrugBank.d64.s89.e0" charOffset="13-26"
            type="group" text="anticoagulants"/>
        <entity id="DDI-DrugBank.d64.s89.e1" charOffset="73-81"
            type="drug" text="phenytoin"/>
        <entity id="DDI-DrugBank.d64.s89.e2" charOffset="104-117"
            type="group" text="anticonvulsant"/>
        <entity id="DDI-DrugBank.d64.s89.e3" charOffset="142-154"
            type="group" text="anticoagulant"/>
        <entity id="DDI-DrugBank.d64.s89.e4" charOffset="160-168"
            type="drug" text="phenytoin"/>
        <pair id="DDI-DrugBank.d64.s89.p0" e1="DDI-DrugBank.d64.s89.e0"
            e2="DDI-DrugBank.d64.s89.e1" ddi="true" type="mechanism"/>
        <pair id="DDI-DrugBank.d64.s89.p1" e1="DDI-DrugBank.d64.s89.e0"
            e2="DDI-DrugBank.d64.s89.e2" ddi="false"/>
        <pair id="DDI-DrugBank.d64.s89.p2" e1="DDI-DrugBank.d64.s89.e0"
            e2="DDI-DrugBank.d64.s89.e3" ddi="false"/>
        <pair id="DDI-DrugBank.d64.s89.p3" e1="DDI-DrugBank.d64.s89.e0"
            e2="DDI-DrugBank.d64.s89.e4" ddi="false"/>
        <pair id="DDI-DrugBank.d64.s89.p4" e1="DDI-DrugBank.d64.s89.e1"
            e2="DDI-DrugBank.d64.s89.e2" ddi="false"/>
        <pair id="DDI-DrugBank.d64.s89.p5" e1="DDI-DrugBank.d64.s89.e1"
            e2="DDI-DrugBank.d64.s89.e3" ddi="false"/>
        <pair id="DDI-DrugBank.d64.s89.p6" e1="DDI-DrugBank.d64.s89.e1"
            e2="DDI-DrugBank.d64.s89.e4" ddi="false"/>
        <pair id="DDI-DrugBank.d64.s89.p7" e1="DDI-DrugBank.d64.s89.e2"
            e2="DDI-DrugBank.d64.s89.e3" ddi="false"/>
        <pair id="DDI-DrugBank.d64.s89.p8" e1="DDI-DrugBank.d64.s89.e2"
            e2="DDI-DrugBank.d64.s89.e4" ddi="false"/>
        <pair id="DDI-DrugBank.d64.s89.p9" e1="DDI-DrugBank.d64.s89.e3"
            e2="DDI-DrugBank.d64.s89.e4" ddi="true" type="mechanism"/>
    </sentence>
    <sentence id="DDI-DrugBank.d64.s90" text="Drugs that reduce the number of blood platelets by causing bone marrow depression (such as antineoplastic agents) or drugs which inhibit platelet function (eg, aspirin and other non-steroidal anti-inflammatory drugs, dipyridamole, hydrochloroquine, clofibrate, dextran) may increase the bleeding tendency produced by anticoagulants without altering prothrombin time determinations.">
        <entity id="DDI-DrugBank.d64.s90.e0" charOffset="91-111"
            type="group" text="antineoplastic agents"/>
        <entity id="DDI-DrugBank.d64.s90.e1" charOffset="160-166"
            type="brand" text="aspirin"/>
        <entity id="DDI-DrugBank.d64.s90.e2" charOffset="178-214"
            type="group" text="non-steroidal anti-inflammatory drugs"/>
        <entity id="DDI-DrugBank.d64.s90.e3" charOffset="217-228"
            type="drug" text="dipyridamole"/>
        <entity id="DDI-DrugBank.d64.s90.e4" charOffset="231-246"
            type="drug" text="hydrochloroquine"/>
        <entity id="DDI-DrugBank.d64.s90.e5" charOffset="249-258"
            type="drug" text="clofibrate"/>
        <entity id="DDI-DrugBank.d64.s90.e6" charOffset="261-267"
            type="drug" text="dextran"/>
        <entity id="DDI-DrugBank.d64.s90.e7" charOffset="317-330"
            type="group" text="anticoagulants"/>
        <pair id="DDI-DrugBank.d64.s90.p0" e1="DDI-DrugBank.d64.s90.e0"
            e2="DDI-DrugBank.d64.s90.e1" ddi="false"/>
        <pair id="DDI-DrugBank.d64.s90.p1" e1="DDI-DrugBank.d64.s90.e0"
            e2="DDI-DrugBank.d64.s90.e2" ddi="false"/>
        <pair id="DDI-DrugBank.d64.s90.p2" e1="DDI-DrugBank.d64.s90.e0"
            e2="DDI-DrugBank.d64.s90.e3" ddi="false"/>
        <pair id="DDI-DrugBank.d64.s90.p3" e1="DDI-DrugBank.d64.s90.e0"
            e2="DDI-DrugBank.d64.s90.e4" ddi="false"/>
        <pair id="DDI-DrugBank.d64.s90.p4" e1="DDI-DrugBank.d64.s90.e0"
            e2="DDI-DrugBank.d64.s90.e5" ddi="false"/>
        <pair id="DDI-DrugBank.d64.s90.p5" e1="DDI-DrugBank.d64.s90.e0"
            e2="DDI-DrugBank.d64.s90.e6" ddi="false"/>
        <pair id="DDI-DrugBank.d64.s90.p6" e1="DDI-DrugBank.d64.s90.e0"
            e2="DDI-DrugBank.d64.s90.e7" ddi="true" type="effect"/>
        <pair id="DDI-DrugBank.d64.s90.p7" e1="DDI-DrugBank.d64.s90.e1"
            e2="DDI-DrugBank.d64.s90.e2" ddi="false"/>
        <pair id="DDI-DrugBank.d64.s90.p8" e1="DDI-DrugBank.d64.s90.e1"
            e2="DDI-DrugBank.d64.s90.e3" ddi="false"/>
        <pair id="DDI-DrugBank.d64.s90.p9" e1="DDI-DrugBank.d64.s90.e1"
            e2="DDI-DrugBank.d64.s90.e4" ddi="false"/>
        <pair id="DDI-DrugBank.d64.s90.p10" e1="DDI-DrugBank.d64.s90.e1"
            e2="DDI-DrugBank.d64.s90.e5" ddi="false"/>
        <pair id="DDI-DrugBank.d64.s90.p11" e1="DDI-DrugBank.d64.s90.e1"
            e2="DDI-DrugBank.d64.s90.e6" ddi="false"/>
        <pair id="DDI-DrugBank.d64.s90.p12" e1="DDI-DrugBank.d64.s90.e1"
            e2="DDI-DrugBank.d64.s90.e7" ddi="true" type="effect"/>
        <pair id="DDI-DrugBank.d64.s90.p13" e1="DDI-DrugBank.d64.s90.e2"
            e2="DDI-DrugBank.d64.s90.e3" ddi="false"/>
        <pair id="DDI-DrugBank.d64.s90.p14" e1="DDI-DrugBank.d64.s90.e2"
            e2="DDI-DrugBank.d64.s90.e4" ddi="false"/>
        <pair id="DDI-DrugBank.d64.s90.p15" e1="DDI-DrugBank.d64.s90.e2"
            e2="DDI-DrugBank.d64.s90.e5" ddi="false"/>
        <pair id="DDI-DrugBank.d64.s90.p16" e1="DDI-DrugBank.d64.s90.e2"
            e2="DDI-DrugBank.d64.s90.e6" ddi="false"/>
        <pair id="DDI-DrugBank.d64.s90.p17" e1="DDI-DrugBank.d64.s90.e2"
            e2="DDI-DrugBank.d64.s90.e7" ddi="true" type="effect"/>
        <pair id="DDI-DrugBank.d64.s90.p18" e1="DDI-DrugBank.d64.s90.e3"
            e2="DDI-DrugBank.d64.s90.e4" ddi="false"/>
        <pair id="DDI-DrugBank.d64.s90.p19" e1="DDI-DrugBank.d64.s90.e3"
            e2="DDI-DrugBank.d64.s90.e5" ddi="false"/>
        <pair id="DDI-DrugBank.d64.s90.p20" e1="DDI-DrugBank.d64.s90.e3"
            e2="DDI-DrugBank.d64.s90.e6" ddi="false"/>
        <pair id="DDI-DrugBank.d64.s90.p21" e1="DDI-DrugBank.d64.s90.e3"
            e2="DDI-DrugBank.d64.s90.e7" ddi="true" type="effect"/>
        <pair id="DDI-DrugBank.d64.s90.p22" e1="DDI-DrugBank.d64.s90.e4"
            e2="DDI-DrugBank.d64.s90.e5" ddi="false"/>
        <pair id="DDI-DrugBank.d64.s90.p23" e1="DDI-DrugBank.d64.s90.e4"
            e2="DDI-DrugBank.d64.s90.e6" ddi="false"/>
        <pair id="DDI-DrugBank.d64.s90.p24" e1="DDI-DrugBank.d64.s90.e4"
            e2="DDI-DrugBank.d64.s90.e7" ddi="true" type="effect"/>
        <pair id="DDI-DrugBank.d64.s90.p25" e1="DDI-DrugBank.d64.s90.e5"
            e2="DDI-DrugBank.d64.s90.e6" ddi="false"/>
        <pair id="DDI-DrugBank.d64.s90.p26" e1="DDI-DrugBank.d64.s90.e5"
            e2="DDI-DrugBank.d64.s90.e7" ddi="true" type="effect"/>
        <pair id="DDI-DrugBank.d64.s90.p27" e1="DDI-DrugBank.d64.s90.e6"
            e2="DDI-DrugBank.d64.s90.e7" ddi="true" type="effect"/>
    </sentence>
    <sentence id="DDI-DrugBank.d64.s91" text="The beneficial effects on arterial thrombus formation from combined therapy with antiplatelet and anticoagulant medication must be weighed against an increased risk of inducing hemorrhage.">
        <entity id="DDI-DrugBank.d64.s91.e0" charOffset="81-92;112-121"
            type="group" text="antiplatelet medication"/>
        <entity id="DDI-DrugBank.d64.s91.e1" charOffset="98-121"
            type="group" text="anticoagulant medication"/>
        <pair id="DDI-DrugBank.d64.s91.p0" e1="DDI-DrugBank.d64.s91.e0"
            e2="DDI-DrugBank.d64.s91.e1" ddi="true" type="advise"/>
    </sentence>
    <sentence id="DDI-DrugBank.d64.s92" text="*Increased and decreased prothrombin time responses have been reported."/>
    <sentence id="DDI-DrugBank.d64.s93" text="Drug/Laboratory Test Interferences: Dicumarol and indanedione anticoagulants, including anisindione, or their metabolites may color alkaline urine red-orange, which may interfere with spectrophotometrically determined urinary laboratory tests.">
        <entity id="DDI-DrugBank.d64.s93.e0" charOffset="36-44"
            type="drug" text="Dicumarol"/>
        <entity id="DDI-DrugBank.d64.s93.e1" charOffset="50-75"
            type="group" text="indanedione anticoagulants"/>
        <entity id="DDI-DrugBank.d64.s93.e2" charOffset="88-98"
            type="drug" text="anisindione"/>
        <pair id="DDI-DrugBank.d64.s93.p0" e1="DDI-DrugBank.d64.s93.e0"
            e2="DDI-DrugBank.d64.s93.e1" ddi="false"/>
        <pair id="DDI-DrugBank.d64.s93.p1" e1="DDI-DrugBank.d64.s93.e0"
            e2="DDI-DrugBank.d64.s93.e2" ddi="false"/>
        <pair id="DDI-DrugBank.d64.s93.p2" e1="DDI-DrugBank.d64.s93.e1"
            e2="DDI-DrugBank.d64.s93.e2" ddi="false"/>
    </sentence>
    <sentence id="DDI-DrugBank.d64.s94" text="The color reverses when the test sample is acidified in vitro to a pH below 4."/>
</document>
